{"cameraMode":{"drawMode":0,"name":"Shaded","section":"Shading Mode"},"sceneLighting":false,"audioPlay":false,"sceneViewState":{"showFog":true,"showMaterialUpdate":false,"showSkybox":true,"showFlares":true,"showImageEffects":true,"showParticleSystems":true},"in2DMode":false,"pivot":{"x":9.230155944824219,"y":9.997844696044922,"z":-0.0075426362454891209},"rotation":{"x":-0.01358018722385168,"y":-0.1813759207725525,"z":0.0025049629621207716,"w":-0.9833183288574219},"size":26.495424270629884,"orthographic":false}